{"cameraMode":{"drawMode":0,"name":"Shaded","section":"Shading Mode"},"sceneLighting":false,"audioPlay":false,"sceneViewState":{"m_AlwaysRefresh":false,"showFog":true,"showSkybox":false,"showFlares":true,"showImageEffects":true,"showParticleSystems":true,"showVisualEffectGraphs":true,"m_FxEnabled":true},"in2DMode":false,"pivot":{"x":0.053342461585998538,"y":0.023670434951782228,"z":0.016424894332885743},"rotation":{"x":-0.07621625065803528,"y":0.6497299671173096,"z":-0.0657215416431427,"w":-0.7534767389297485},"size":2.2037250995635988,"orthographic":false}