{"cameraMode":{"drawMode":0,"name":"Shaded","section":"Shading Mode"},"sceneLighting":false,"audioPlay":false,"sceneViewState":{"m_AlwaysRefresh":false,"showFog":true,"showSkybox":false,"showFlares":true,"showImageEffects":true,"showParticleSystems":true,"showVisualEffectGraphs":true,"m_FxEnabled":true},"in2DMode":false,"pivot":{"x":-0.06457817554473877,"y":-0.15400707721710206,"z":-0.009481549263000489},"rotation":{"x":-0.07621625065803528,"y":0.6497299671173096,"z":-0.0657215416431427,"w":-0.7534767389297485},"size":2.7590677738189699,"orthographic":false}