{"cameraMode":{"drawMode":0,"name":"Shaded","section":"Shading Mode"},"sceneLighting":false,"audioPlay":false,"sceneViewState":{"m_AlwaysRefresh":false,"showFog":true,"showSkybox":false,"showFlares":true,"showImageEffects":true,"showParticleSystems":true,"showVisualEffectGraphs":true,"m_FxEnabled":true},"in2DMode":false,"pivot":{"x":-0.0034461021423339845,"y":0.021083593368530275,"z":0.045206308364868167},"rotation":{"x":-0.42525503039360049,"y":0.08450647443532944,"z":-0.039919350296258929,"w":-0.9002366065979004},"size":4.304146766662598,"orthographic":false}