{"cameraMode":{"drawMode":0,"name":"Shaded","section":"Shading Mode"},"sceneLighting":false,"audioPlay":false,"sceneViewState":{"m_AlwaysRefresh":false,"showFog":true,"showSkybox":false,"showFlares":true,"showImageEffects":true,"showParticleSystems":true,"showVisualEffectGraphs":true,"m_FxEnabled":true},"in2DMode":false,"pivot":{"x":-0.003991425037384033,"y":-0.002360045909881592,"z":0.004116833209991455},"rotation":{"x":-0.33844277262687685,"y":0.5029789209365845,"z":-0.22299577295780183,"w":-0.7633776068687439},"size":1.4258047342300416,"orthographic":false}