{"cameraMode":{"drawMode":0,"name":"Shaded","section":"Shading Mode"},"sceneLighting":false,"audioPlay":false,"sceneViewState":{"m_AlwaysRefresh":false,"showFog":true,"showSkybox":false,"showFlares":true,"showImageEffects":true,"showParticleSystems":true,"showVisualEffectGraphs":true,"m_FxEnabled":true},"in2DMode":false,"pivot":{"x":2.450000047683716,"y":0.4548243284225464,"z":3.808000326156616},"rotation":{"x":-0.10911902785301209,"y":0.13790087401866914,"z":-0.015243452973663807,"w":-0.9843349456787109},"size":0.9828431010246277,"orthographic":false}