{"cameraMode":{"drawMode":0,"name":"Shaded","section":"Shading Mode"},"sceneLighting":false,"audioPlay":false,"sceneViewState":{"m_AlwaysRefresh":false,"showFog":true,"showSkybox":false,"showFlares":true,"showImageEffects":true,"showParticleSystems":true,"showVisualEffectGraphs":true,"m_FxEnabled":true},"in2DMode":false,"pivot":{"x":0.005650341510772705,"y":0.0017719268798828126,"z":0.0014361739158630372},"rotation":{"x":-0.33844277262687685,"y":0.5029789209365845,"z":-0.22299577295780183,"w":-0.7633776068687439},"size":1.4757076501846314,"orthographic":false}