{"cameraMode":{"drawMode":0,"name":"Shaded","section":"Shading Mode"},"sceneLighting":false,"audioPlay":false,"sceneViewState":{"m_AlwaysRefresh":false,"showFog":true,"showSkybox":false,"showFlares":true,"showImageEffects":true,"showParticleSystems":true,"showVisualEffectGraphs":true,"m_FxEnabled":true},"in2DMode":false,"pivot":{"x":-0.07907938957214356,"y":0.429502010345459,"z":0.25779175758361819},"rotation":{"x":0.02513197623193264,"y":0.06652690470218659,"z":0.001676298794336617,"w":-0.9974680542945862},"size":3.6771650314331056,"orthographic":false}