{"cameraMode":{"drawMode":0,"name":"Shaded","section":"Shading Mode"},"sceneLighting":false,"audioPlay":false,"sceneViewState":{"m_AlwaysRefresh":false,"showFog":true,"showSkybox":false,"showFlares":true,"showImageEffects":true,"showParticleSystems":true,"showVisualEffectGraphs":true,"m_FxEnabled":true},"in2DMode":false,"pivot":{"x":0.027029991149902345,"y":0.036093831062316897,"z":0.09605377912521362},"rotation":{"x":-0.07621625065803528,"y":0.6497299671173096,"z":-0.0657215416431427,"w":-0.7534767389297485},"size":1.1046143770217896,"orthographic":false}