{"cameraMode":{"drawMode":0,"name":"Shaded","section":"Shading Mode"},"sceneLighting":true,"audioPlay":false,"sceneViewState":{"m_AlwaysRefresh":false,"showFog":true,"showSkybox":true,"showFlares":true,"showImageEffects":true,"showParticleSystems":true,"showVisualEffectGraphs":true,"m_FxEnabled":true},"in2DMode":false,"pivot":{"x":-9.988807678222657,"y":0.26325559616088869,"z":-1.1731526851654053},"rotation":{"x":-0.10911902785301209,"y":0.13790087401866914,"z":-0.015243452973663807,"w":-0.9843349456787109},"size":8.878055572509766,"orthographic":false}