{"cameraMode":{"drawMode":0,"name":"Shaded","section":"Shading Mode"},"sceneLighting":true,"audioPlay":false,"sceneViewState":{"m_AlwaysRefresh":false,"showFog":true,"showSkybox":true,"showFlares":true,"showImageEffects":true,"showParticleSystems":true,"showVisualEffectGraphs":true,"m_FxEnabled":true},"in2DMode":false,"pivot":{"x":-0.1622607260942459,"y":0.5760338306427002,"z":9.580273628234864},"rotation":{"x":0.05038146674633026,"y":-0.0023958273231983186,"z":0.00010919074702542275,"w":0.998779296875},"size":3.3822555541992189,"orthographic":false}