{"cameraMode":{"drawMode":0,"name":"Shaded","section":"Shading Mode"},"sceneLighting":false,"audioPlay":false,"sceneViewState":{"m_AlwaysRefresh":false,"showFog":true,"showSkybox":false,"showFlares":true,"showImageEffects":true,"showParticleSystems":true,"showVisualEffectGraphs":true,"m_FxEnabled":true},"in2DMode":false,"pivot":{"x":-0.7695846557617188,"y":0.5127072334289551,"z":-0.6653480529785156},"rotation":{"x":-0.33844277262687685,"y":0.5029789209365845,"z":-0.22299577295780183,"w":-0.7633776068687439},"size":4.8121771812438969,"orthographic":false}