{"cameraMode":{"drawMode":0,"name":"Shaded","section":"Shading Mode"},"sceneLighting":false,"audioPlay":false,"sceneViewState":{"m_AlwaysRefresh":false,"showFog":true,"showSkybox":false,"showFlares":true,"showImageEffects":true,"showParticleSystems":true,"showVisualEffectGraphs":true,"m_FxEnabled":true},"in2DMode":false,"pivot":{"x":-0.17053961753845216,"y":0.6727800369262695,"z":-1.2634861469268799},"rotation":{"x":0.02513197623193264,"y":0.06652690470218659,"z":0.001676298794336617,"w":-0.9974680542945862},"size":4.647180557250977,"orthographic":false}