{"cameraMode":{"drawMode":0,"name":"Shaded","section":"Shading Mode"},"sceneLighting":false,"audioPlay":false,"sceneViewState":{"m_AlwaysRefresh":false,"showFog":true,"showSkybox":false,"showFlares":true,"showImageEffects":true,"showParticleSystems":true,"showVisualEffectGraphs":true,"m_FxEnabled":true},"in2DMode":false,"pivot":{"x":-1.7834460735321046,"y":-0.40979868173599245,"z":4.115625858306885},"rotation":{"x":-0.10911902785301209,"y":0.13790087401866914,"z":-0.015243452973663807,"w":-0.9843349456787109},"size":1.0367155075073243,"orthographic":false}