{"cameraMode":{"drawMode":0,"name":"Shaded","section":"Shading Mode"},"sceneLighting":false,"audioPlay":false,"sceneViewState":{"m_AlwaysRefresh":false,"showFog":true,"showSkybox":false,"showFlares":true,"showImageEffects":true,"showParticleSystems":true,"showVisualEffectGraphs":true,"m_FxEnabled":true},"in2DMode":false,"pivot":{"x":-0.02850651741027832,"y":-0.11210966110229492,"z":0.057319819927215579},"rotation":{"x":-0.42525503039360049,"y":0.08450647443532944,"z":-0.039919350296258929,"w":-0.9002366065979004},"size":1.740932822227478,"orthographic":false}